username,twhandle,postdate,content,responding,reply,retweet,like
Yıldız Özkan Terziog,@YTerziog,2021-07-27T11:18:26.000Z,"A problem that someone else tries to solve and the solution offered cannot ensure the individual will mature, grow, and become conscious.
Akif Manaf 
#yoga #yogaeskişehir #eskişehir #yogaacademyeskisehir #sağlık #nefesteknikleri #mutluluk #farkındalık #yogagirl #yogalove",,,2,2,"['yoga', 'yogaeskişehir', 'eskişehir', 'yogaacademyeskisehir', 'sağlık', 'nefesteknikleri', 'mutluluk', 'farkındalık', 'yogagirl', 'yogalove']"
Yıldız Özkan Terziog,@YTerziog,2021-07-26T09:19:20.000Z,"The individual transcends their mind by constantly focusing on their spiritual essence.
Akif Manaf 
#yoga #yogaeskişehir #eskişehir #yogaacademyeskisehir #sağlık #nefesteknikleri #mutluluk #farkındalık #yogagirl #yogalove #yogaphilosophy  #consciousawakening #yogaeverywhere",,,1,2,"['yoga', 'yogaeskişehir', 'eskişehir', 'yogaacademyeskisehir', 'sağlık', 'nefesteknikleri', 'mutluluk', 'farkındalık', 'yogagirl', 'yogalove', 'yogaphilosophy', 'consciousawakening', 'yogaeverywhere']"
Yıldız Özkan Terziog,@YTerziog,2021-08-01T08:42:49.000Z,"To be reborn is to be in pure surrender.
Akif Manaf 
#yoga #yogaeskişehir #eskişehir #yogaacademyeskisehir #sağlık #nefesteknikleri #mutluluk #farkındalık #yogagirl #yogalove #yogaphilosophy  #consciousawakening #yogaeverywhere #yogaislife #yogaismagic  #yogaposes #healthymind",,,,1,"['yoga', 'yogaeskişehir', 'eskişehir', 'yogaacademyeskisehir', 'sağlık', 'nefesteknikleri', 'mutluluk', 'farkındalık', 'yogagirl', 'yogalove', 'yogaphilosophy', 'consciousawakening', 'yogaeverywhere', 'yogaislife', 'yogaismagic', 'yogaposes', 'healthymind']"
Yıldız Özkan Terziog,@YTerziog,2021-07-28T09:15:58.000Z,"The art of living is to love and be grateful for what life has to offer.
Akif Manaf 
#yoga #yogaeskişehir #eskişehir #yogaacademyeskisehir #sağlık #nefesteknikleri #mutluluk #farkındalık #yogagirl #yogalove #yogaphilosophy  #consciousawakening #yogaeverywhere #yogaislife",,,1,1,"['yoga', 'yogaeskişehir', 'eskişehir', 'yogaacademyeskisehir', 'sağlık', 'nefesteknikleri', 'mutluluk', 'farkındalık', 'yogagirl', 'yogalove', 'yogaphilosophy', 'consciousawakening', 'yogaeverywhere', 'yogaislife']"
Ahmet Poyraz,@AhmetPo22319013,2021-07-28T20:48:40.000Z,"Değerli kardeşim Esenyurt ilçe sağlık müdürü Dr Oktay dokuz'u makamında ziyaret ettim pandemi sürecinde göstermiş oldukları üstün başarılardan dolayı tebrik ettim
#saglik #doktor",,,1,10,"['saglik', 'doktor']"
Çankırı İl Kültür ve Turizm Müdürlüğü,@cankiri_iktm,2021-07-31T05:50:39.000Z,"Astım, bronşit, akciğer hastalıklarının tedavisinde kullanılıyor.

Çankırı'da Hititler döneminden bu yana tuz elde edilen mağaranın, sağlık ve turizm merkezi haline getirilmesi planlanıyor.
#cankiri #çankırı  #tuzmağarası #saltcave #sağlık #health #cankirikulturturizm 
@trthaber",,1,15,28,"['cankiri', 'çankırı', 'tuzmağarası', 'saltcave', 'sağlık', 'health', 'cankirikulturturizm']"
Umut Çınar,@Umutnar73992705,2021-07-26T06:22:35.000Z,#sağlık,,,,,['sağlık']
e_srpl,@e_srpl,2021-07-26T06:57:29.000Z,"Tam bir kaç gün dinleyeceğim derken.
Tatil bitti  
Mesai başladı  

#pazartesisendromu 
#mesai
#pazartesi
#sağlık #huzur #mucize #şans #bolluk #başarı  #para  #btc 
#ALTIN",,1,2,65,"['pazartesisendromu', 'mesai', 'pazartesi', 'sağlık', 'huzur', 'mucize', 'şans', 'bolluk', 'başarı', 'para', 'btc', 'ALTIN']"
Haluk Bozdoğan,@drhalukbozdogan,2021-08-01T13:11:39.000Z,"Her hafta sonu olduğu gibi bugün de vatandaşlarımızın sağlık sorunlarını dinleyip dertlerine derman olacak yönlendirmelerde bulunduk. 
Halkımızın destekçisi olmaya devam edeceğiz. 

#Tarsus #Halk #Pazar #Sağlık",,,5,28,"['Tarsus', 'Halk', 'Pazar', 'Sağlık']"
Seguro Sigorta,@segurosigorta,2021-07-27T04:23:22.000Z,"Tamamlayıcı Sağlık Sigortası ve Özel Sağlık Sigortası’nın sık sık karıştırılan bir konu olduğunu biliyoruz. İki sigorta arasındaki temel farkları detaylı bir şekilde öğrenmek için WhatsApp İletişim Hattı 0 541 439 33 24’e yazabilirsiniz. 
#sigorta #sağlık",,,,2,"['sigorta', 'sağlık']"
Yaşam Hastanesi,@yasamtekirdag,2021-07-26T05:38:38.000Z,"Hashimato (Haşimato) Tiroidi nedir?

#saglik #haşimatotiroidi #tekirdağ",,,,,"['saglik', 'haşimatotiroidi', 'tekirdağ']"
Hayata Cam Kat,@HayataCamKat,2021-07-27T07:37:24.000Z,"Hava koşullarından etkilenmeyen ve içerisindeki ürünle etkileşime girmediği için tadını değiştirmeyen cam ambalajları gönül rahatlığıyla kullanabilir, ürünlerinizi sağlıklı bir şekilde saklayabilirsiniz.
#HayataCamKat #camambalaj #sağlık #çevre #doğa",,,,2,"['HayataCamKat', 'camambalaj', 'sağlık', 'çevre', 'doğa']"
Barış Güzelçin,@guzelcinbrs,2021-07-27T19:26:20.000Z,"@hepsen_2020
 Sağlık çalışanlarının sağlığını bozan tanılar ve saha tarafından yazılan reçete... 
#sağlık #sağlıkçalıșanları","From 
HEP-SEN",,,,"['sağlık', 'sağlıkçalıșanları']"
İstiklal Tıp Merkezi,@IstiklalTip,2021-07-26T15:47:26.000Z,"Endoskopi ve kolonoskopiden korkmayın, yararlanın!
Hurmalı Mah. Metro Güzergahı Bulv. Central Plaza 1/1 Seyhan/ ADANA
0322 502 83 83
#istiklaltıpmerkezi #istiklal #adana #sağlık #tıpmerkezi #poliklinik #doktor #endoskopi #kolonoskopi",,,,,"['istiklaltıpmerkezi', 'istiklal', 'adana', 'sağlık', 'tıpmerkezi', 'poliklinik', 'doktor', 'endoskopi', 'kolonoskopi']"
Mesut ERSOY,@mesutersoy6,2021-08-02T01:30:19.000Z,"Her nefes alışınız #sağlık, mutluluk, #sevgi, huzur dolu olsun.
Gülücüklerinizle aydınlansın gününüz ve gönlünüz.

#HayırlıSabahlar",,8,46,102,"['sağlık', 'sevgi', 'HayırlıSabahlar']"
Türk Dişhekimleri Birliği,@TDB_TDA,2021-07-28T07:00:38.000Z,"TDB 18. DÖNEM MERKEZ YÖNETİM KURULU`NUN GÖREV DAĞILIMI BELLİ OLDU
Haberin detayı için: http://tdb.org.tr/icerik_goster.php?Id=3826…

#turkdishekimleribirligi #türkdişhekimleribirliği #diş #sağlık #dişhekimi #tdbhaber",,,2,8,"['turkdishekimleribirligi', 'türkdişhekimleribirliği', 'diş', 'sağlık', 'dişhekimi', 'tdbhaber']"
AKGUN TECHNOLOGY,@AkgunTechno,2021-07-30T11:55:24.000Z,"AKGÜN Laboratuvar Bilgi Yönetim Sistemi herhangi bir sisteme bağlı olmadan, bağımsız olarak çalışabilen ve kullanılabilen bir web projesidir.

https://akgunyazilim.com.tr/tr/urunler/akgun-laboratuvar-bilgi-yonetim-sistemi-lbys…

#akgün #dijitaldönüşüm #sağlık",,,2,5,"['akgün', 'dijitaldönüşüm', 'sağlık']"
A_N_T_E_A zeytin ve zeytinyağı,@a_n_t_e_a,2021-07-31T06:23:24.000Z,"#cumartesi sabahından herkese #günaydın
05512654297
ÜCRETSİZ KARGO
#haftasonu #cumartesi #kahvaltı #zeytinyağı #sıcak #sağlıklıbeslenme #sağlık #erkencitayfa",,2,3,19,"['cumartesi', 'günaydın', 'haftasonu', 'cumartesi', 'kahvaltı', 'zeytinyağı', 'sıcak', 'sağlıklıbeslenme', 'sağlık', 'erkencitayfa']"
evren,@pyromacy,2021-07-28T15:16:11.000Z,#saglik #huzur #mutluluk,,,,7,"['saglik', 'huzur', 'mutluluk']"
e_srpl,@e_srpl,2021-07-29T04:37:09.000Z,"""Kuş uçtukça genişliyor gökyüzü,"" demişti Rilke.

Belkiiiii ,hayat da yaşadıkça. 
Böyle şeyler düşün. 
Delirme.

Kimse duymaz çünkü bu gürültüde.

#gunaydın
#busabah #perşembe
#sağlık #huzur #mucize #şans #bereketbolluk #güzellik #para",,,3,56,"['gunaydın', 'busabah', 'perşembe', 'sağlık', 'huzur', 'mucize', 'şans', 'bereketbolluk', 'güzellik', 'para']"
Gül Bayrakcı,@gul_bayrakc,2021-07-31T03:18:41.000Z,"Eğitim düzeyi ve hayat düzeyi dengelenmiş bireyler olunabilinirse, bizim ülkemizde de olabilecek bir doğum sonrası ebeveyn otel fikri müthiş   #sağlık",,1,,,['sağlık']
Ganoderma BURSA,@TurgutYakut,2021-07-28T04:49:54.000Z,#saglik,,,,1,['saglik']
batuhan baybas,@BatuhanBaybas,2021-08-01T17:54:45.000Z,Sevgili sağlık bakanlığı elinizde olmayan nedenlerden dolayı vaka sayılarını az gösterme çabamız ölüm sayılarının artması nedeniyle pek inandırıcı olmuyor bileğinize #COVID19 #saglik,,,,,"['COVID19', 'saglik']"
Korkma Ye Zayıfla,@kisiselkoc50,2021-08-02T04:24:44.000Z,"Sabah
#iletişim05425467850 #kormayesagliklizayifla #diyet #diyetteyiz #sport #keşfet #fitness #kiloverme #başarı #motivasyon #sağlık #günaydın #türkiye #sagliklibeslenme #istanbul #bestoftheday #mutluluk #hedef #kişiselgelişim #beslenme #vizyon #instagram #facebook #pazartesi",,,,1,"['iletişim05425467850', 'kormayesagliklizayifla', 'diyet', 'diyetteyiz', 'sport', 'keşfet', 'fitness', 'kiloverme', 'başarı', 'motivasyon', 'sağlık', 'günaydın', 'türkiye', 'sagliklibeslenme', 'istanbul', 'bestoftheday', 'mutluluk', 'hedef', 'kişiselgelişim', 'beslenme', 'vizyon', 'instagram', 'facebook', 'pazartesi']"
İyilik Saglik Derneği,@iyiliksaglikder,2021-07-30T18:48:06.000Z,#iyilik #sağlık #mali’ye #uçuyor,,,,1,"['iyilik', 'sağlık', 'mali', 'uçuyor']"
Türk Dişhekimleri Birliği,@TDB_TDA,2021-07-29T10:23:06.000Z,"AŞILANIN HAYATA GÜVENLE KATILIN!
Haberin detayı için: http://tdb.org.tr/icerik_goster.php?Id=3832…

#turkdishekimleribirligi #türkdişhekimleribirliği #diş #sağlık #dişhekimi #tdbhaber",,,8,11,"['turkdishekimleribirligi', 'türkdişhekimleribirliği', 'diş', 'sağlık', 'dişhekimi', 'tdbhaber']"
Hacer,@Hacer16442274,2021-07-29T11:59:56.000Z,"Dermatolojik olarak test edilmiştir.
Triklosan, paraben ve parafin içermez.#farmasi #ciltbakim #tatilde #saglik #vegan #bitkisel",,,,,"['farmasi', 'ciltbakim', 'tatilde', 'saglik', 'vegan', 'bitkisel']"
Türk Dişhekimleri Birliği,@TDB_TDA,2021-07-28T07:33:56.000Z,"TDB 18. DÖNEM MERKEZ DENETLEME KURULU’NUN GÖREV DAĞILIMI BELLİ OLDU
Haberin detayı için: http://tdb.org.tr/icerik_goster.php?Id=3827…

#turkdishekimleribirligi #türkdişhekimleribirliği #diş #sağlık #dişhekimi #tdbhaber",,,2,2,"['turkdishekimleribirligi', 'türkdişhekimleribirliği', 'diş', 'sağlık', 'dişhekimi', 'tdbhaber']"
Urfadan Haber,@urfadanhabercom,2021-07-28T13:22:41.000Z,"Kısa bir aradan sonra aşı yine başladı https://urfadanhaber.com/haber/kisa-bir-aradan-sonra-asi-yine-basladi.html… 
#Sağlık #Şanlıurfa #Çarşamba","Kısa bir aradan sonra aşı yine başladı
Şanlıurfa’da Covid-19 birimlerinde aşırı yoğunluktan dolayı sistem gidince, aşılama sıkıntısı yaşandı. Sistemde yaşanan sıkıntının giderilmesiyle vatandaşlar yeniden aşı olmaya başladı.
urfadanhaber.com",,,,"['Sağlık', 'Şanlıurfa', 'Çarşamba']"
uzaylı,@uzayliibirii,2021-07-27T01:16:52.000Z,"____//_____//_______///
 #HAYIRLISABAHLAR 
          ____//_____//_______///
 #GÜNAYDIN  
          ____//_____//_______///
 #guenaydın  #huzur #umut
          ____//_____//_______///
 #gunaydin  #sağlık #neşe
          ____//_____//_______///
#mutluluk",,,1,7,"['HAYIRLISABAHLAR', 'GÜNAYDIN', 'guenaydın', 'huzur', 'umut', 'gunaydin', 'sağlık', 'neşe', 'mutluluk']"
Gano Excel,@GanoExcel68100,2021-07-30T15:01:21.000Z,Malezyadan gelen çeşitli aromalardaki kahvelerimiz için DM’deyiz. #gano #kahve #sabun #sağlık #keyif,,,1,1,"['gano', 'kahve', 'sabun', 'sağlık', 'keyif']"
Op. Dr. Fatih Kırar,@drfatihkirar,2021-07-31T10:17:41.000Z,"Ameliyatsız mutluluk 
.
.
.
.
.
.
.
#istanbul #doktor #sağlık #tv #haber #ülke #omurga",,,,1,"['istanbul', 'doktor', 'sağlık', 'tv', 'haber', 'ülke', 'omurga']"
Urfadan Haber,@urfadanhabercom,2021-08-02T11:56:38.000Z,"Eski Bakan Cevheri’nin acı günü https://urfadanhaber.com/haber/eski-bakan-cevheri-nin-aci-gunu.html… 
#Şanlıurfa #Pazartesi #Sağlık","Eski bakan cevheri’nin acı günü
Şanlıurfalı eski Bakan Necmettin Cevheri’nin eşi Yüksel Cevheri hayatını kaybetti.
urfadanhaber.com",1,,2,"['Şanlıurfa', 'Pazartesi', 'Sağlık']"
Fatih Düz,@FatihDz13,2021-07-29T09:50:08.000Z,"İlçemizin  8 Mahallesinde bulunan 12 Adet içme suyu deposumuzu Sağlık Bakanlığı'ndan onaylı ekip tarafından Kurban Bayramı öncesi temizlik, dalilat ve dezenfekte işlemleri yaptırılmıştır. 

#Sağlık Herşeydir",,2,1,15,['Sağlık']
olay.com.tr,@OlayHaber_Bursa,2021-07-28T16:00:38.000Z,"Flaş açıklama! 'Yerli aşımız Sinovac'tan çok daha etkili'

https://olay.com.tr/flas-aciklama-yerli-asimiz-sinovactan-cok-daha-etkili-824641… #haber #sondakika #Sağlık",,,,1,"['haber', 'sondakika', 'Sağlık']"
e_srpl,@e_srpl,2021-07-28T05:26:11.000Z,"Yeminimiz var hayat ne kadar inatlaşırsan inatlaş, yine de seni en güzel yerinden yakalayacağız...
#NazımHikmet

Diren Uykum 

#Günaydın
#Çarşamba 
#BuSabah 
#sağlık #huzur #mutluluk #bereketbolluk #mucize #aşk #para",,5,4,78,"['NazımHikmet', 'Günaydın', 'Çarşamba', 'BuSabah', 'sağlık', 'huzur', 'mutluluk', 'bereketbolluk', 'mucize', 'aşk', 'para']"
Mustafa ERPOLAT,@MustafaERPOLAT,2021-07-31T07:19:18.000Z,"COVİD-19 aşımızı olalım, kendimizi ve sevdiklerimizi koruyalım.
 #covid #aşıolalım #sağlık #covid19",,,,,"['covid', 'aşıolalım', 'sağlık', 'covid19']"
Türk Karaciğer Araştırmaları Derneği,@tkadorg,2021-07-31T06:32:20.000Z,"Prof. Dr. Dinç Dinçer ve Prof. Dr. Ramazan İdilman hocalarımızdan ""Hepatit"" hakkında önemli bilgiler!

Farkında ol! Test yaptır! Tedavi ol!

#sağlık #hepatit #karaciğer #WorldHepatitisDay2021",,,1,4,"['sağlık', 'hepatit', 'karaciğer', 'WorldHepatitisDay2021']"
Şişli Etfal Dayanışması,@EtfalSmas,2021-07-31T12:57:29.000Z,""" agaç görmüş yakmışlar, kanat görmüş kırmışlar.
simdi de düşmüşler insan izine,
nerde insan, nerde ışık vurmuşlar... hasan huseyin
#saglikhakkimadokunma
#sağlik #insan #yangin #rant #yikim #etfal 
#ağacbayramı 
#YangınUcağıNEREDE 
#sağlıkbakanlığı",,,3,8,"['saglikhakkimadokunma', 'sağlik', 'insan', 'yangin', 'rant', 'yikim', 'etfal', 'ağacbayramı', 'YangınUcağıNEREDE', 'sağlıkbakanlığı']"
Yeni Mesaj Gazetesi,@yenimesaj,2021-07-31T21:32:47.000Z,"Dr. Ali Konukseven yazdı:

Zikir yapıldığında yani aynı kelimeler söylendiğinde beyinde konsantrasyon artar ve bununla birlikte beyin faaliyetleri hızlanır. 

https://yenimesaj.com.tr/zikir-sifadir-H1401620.htm…

#sağlık #pazar","Dr. Ali Konukseven: Zikir şifadır
yenimesaj.com.tr",,,8,"['sağlık', 'pazar']"
Hippopotamus_Yatırım,@m_hippopotamus,2021-08-02T11:00:57.000Z,"#LKMNH #sağlık ; 

* Laboratuvar ve eğitim araştırma dalında da güzel çalışmaları var. Uzun süredir dikkatimi çeken şirket aracı kurumların radarınada girmeye başladı.",,,,,"['LKMNH', 'sağlık']"
Urfadan Haber,@urfadanhabercom,2021-07-26T09:30:25.000Z,3 Aylık yaşam mücadelesini kaybetti https://urfadanhaber.com/haber/3-aylik-yasam-mucadelesini-kaybetti.html… #Şanlıurfa #Pazartesi #Sağlık,"3 aylık yaşam mücadelesini kaybetti
Şanlıurfa’da elektrik akımına kapılması sonucu ağır yaralanarak 3 aydır yoğun bakımda tedavi gören İsmail Altın, yaşam mücadelesini kaybetti.
urfadanhaber.com",,,,"['Şanlıurfa', 'Pazartesi', 'Sağlık']"
Op. Dr. Fatih Kırar,@drfatihkirar,2021-07-31T10:21:01.000Z,"Belçika'dan kliniğimize geldi ve yıllardır çekmiş olduğu ızdıraplardan kurtuldu 
.
.
.
.
.
.
.
.
.
#istanbul #doktor #sağlık #aşk #bu #belgium #belgië #belgium",,,,2,"['istanbul', 'doktor', 'sağlık', 'aşk', 'bu', 'belgium', 'belgië', 'belgium']"
gaye haracci,@mediacat25,2021-07-26T14:00:49.000Z,"#Akrep Burcu #Biden #Sağlık Sorunları Yüzünden Görevden Alınabilir! 03 - 06 Temmuzda Biden'ın Tr #Venüs, #Mars ve #Satürnden olumsuz etkiler aldığından Sağlık sorunlarına dikkat çekmiştik günler ve hatta aylar önce #NFT'sini bile yapmıştık.
https://cutt.ly/CQrdyFB",,,1,6,"['Akrep', 'Biden', 'Sağlık', 'Venüs', 'Mars', 'Satürnden', 'NFT']"
Türk Dişhekimleri Birliği,@TDB_TDA,2021-07-28T08:39:03.000Z,"TÜRK DİŞHEKİMLERİ BİRLİĞİ
MERKEZ YÖNETİM VE MERKEZ DENETLEME KURULU ÜYELERİ
ATA`NIN HUZURUNDA
Haberin detayı için: http://tdb.org.tr/icerik_goster.php?Id=3828…

#turkdishekimleribirligi #türkdişhekimleribirliği #diş #sağlık #dişhekimi #tdbhaber",,,2,6,"['turkdishekimleribirligi', 'türkdişhekimleribirliği', 'diş', 'sağlık', 'dişhekimi', 'tdbhaber']"
